outcome,regressor,coef,se,p,n,mean_y
monthly average proportion past due,offer rate (selection),0.004538114289130203,0.0031467859942077092,0.14926213568571012,4348,0.12199411541223526
monthly average proportion past due,contract rate (hazard),0.0047620433554080325,0.003290899826655019,0.14788745096410794,4348,0.12199411541223526
monthly average proportion past due,dynamic incentive,-0.018934175107316185,0.01045292540832869,0.07008271444065647,4348,0.12199411541223526
share of months in arrears,offer rate (selection),0.0017304349955573179,0.0034775122374925706,0.6187609546867697,4348,0.21887382864952087
share of months in arrears,contract rate (hazard),0.006346603243274972,0.00344669686763828,0.06556909668182924,4348,0.21887382864952087
share of months in arrears,dynamic incentive,-0.027696915715840747,0.010952835497624738,0.011447152743043575,4348,0.21887382864952087
account in collection,offer rate (selection),0.00728835836429872,0.004687860743163239,0.12001035451240534,4348,0.1184452623128891
account in collection,contract rate (hazard),0.0012292006099536017,0.004734805126389817,0.7951649719926552,4348,0.1184452623128891
account in collection,dynamic incentive,-0.02450316204443731,0.011766761087112406,0.03730549272869961,4348,0.1184452623128891
summary index,offer rate (selection),0.014950200668051621,0.011418734666239796,0.19044308791431042,4348,2.1056287380361027e-08
summary index,contract rate (hazard),0.014253942591796992,0.011153419403262366,0.20125345399932915,4348,2.1056287380361027e-08
summary index,dynamic incentive,-0.0797260107568571,0.03197365433094421,0.012649388638016663,4348,2.1056287380361027e-08
