risk,arm,arm_label,mean_rate,n_offers,metric,value,p05,p95
LOW,1,std -5 to -3.5,3.685305270685134,741,revenue,114.25070124432207,75.95690928498205,168.30005015097854
LOW,1,std -5 to -3.5,3.685305270685134,741,past_due,6.457700792494027,4.689627123798726,8.546757452622684
LOW,1,std -5 to -3.5,3.685305270685134,741,balance_months,4043.8228947857833,2824.9324668681825,5821.151820760597
LOW,1,std -5 to -3.5,3.685305270685134,741,loans,0.18431983051169068,0.16414745280103246,0.2095653683441657
LOW,1,std -5 to -3.5,3.685305270685134,741,profit,70.77572652459125,42.69999561995087,110.29120603342395
LOW,1,std -5 to -3.5,3.685305270685134,741,take_up,0.18431983051169068,0.16414745280103246,0.2095653683441657
LOW,1,std -5 to -3.5,3.685305270685134,741,loan_size,431.34967248766964,342.9986399351567,566.9354126765495
LOW,2,std -3.5 to -2,5.0961026983683295,1143,revenue,93.43300237468395,75.47650365759958,116.34201787702213
LOW,2,std -3.5 to -2,5.0961026983683295,1143,past_due,9.35985007646343,5.895248907952668,14.173065127477713
LOW,2,std -3.5 to -2,5.0961026983683295,1143,balance_months,2396.6203178686746,1939.3885578655654,2935.488856016426
LOW,2,std -3.5 to -2,5.0961026983683295,1143,loans,0.1829914836597247,0.1650818340197071,0.20246966343249778
LOW,2,std -3.5 to -2,5.0961026983683295,1143,profit,58.44681342988712,45.511699601142986,76.25273885390186
LOW,2,std -3.5 to -2,5.0961026983683295,1143,take_up,0.1829914836597247,0.1650818340197071,0.20246966343249778
LOW,2,std -3.5 to -2,5.0961026983683295,1143,loan_size,305.13763349103044,263.2431988958027,355.08243587692607
LOW,3,std -2 to -1,6.306950413429822,832,revenue,100.18505454915989,70.90226704610676,130.57227813142316
LOW,3,std -2 to -1,6.306950413429822,832,past_due,11.124486035917386,5.512689247044353,18.47771728766491
LOW,3,std -2 to -1,6.306950413429822,832,balance_months,2022.3809552254868,1398.5914810830764,2710.8171772481833
LOW,3,std -2 to -1,6.306950413429822,832,loans,0.14121585781674417,0.11897110302135762,0.1629240781691374
LOW,3,std -2 to -1,6.306950413429822,832,profit,68.09590655523009,48.21277583570277,90.50568338978432
LOW,3,std -2 to -1,6.306950413429822,832,take_up,0.14121585781674417,0.11897110302135762,0.1629240781691374
LOW,3,std -2 to -1,6.306950413429822,832,loan_size,264.3832544513091,201.61277778585438,329.4570774588144
LOW,4,std -1 to 0,7.336545983592437,1181,revenue,157.85452682456594,115.4883326084164,204.7266337256616
LOW,4,std -1 to 0,7.336545983592437,1181,past_due,7.879533088072706,4.910339883047573,11.491576323138368
LOW,4,std -1 to 0,7.336545983592437,1181,balance_months,2509.3979966077927,1840.9914071409846,3230.156700210799
LOW,4,std -1 to 0,7.336545983592437,1181,loans,0.15136928038551142,0.1366667259613243,0.1658442052909146
LOW,4,std -1 to 0,7.336545983592437,1181,profit,125.15441849053906,87.19919582915335,168.05580731999348
LOW,4,std -1 to 0,7.336545983592437,1181,take_up,0.15136928038551142,0.1366667259613243,0.1658442052909146
LOW,4,std -1 to 0,7.336545983592437,1181,loan_size,282.30587115116947,238.29217115973802,327.5133705793983
MEDIUM,0,std -5 or more,3.9355088922643824,457,revenue,50.99273766680456,37.93480777337888,64.9405776378917
MEDIUM,0,std -5 or more,3.9355088922643824,457,past_due,31.303622702131307,21.82679842889018,46.06369112561506
MEDIUM,0,std -5 or more,3.9355088922643824,457,balance_months,1916.1957175016714,1370.923053087957,2503.225770886984
MEDIUM,0,std -5 or more,3.9355088922643824,457,loans,0.17014997589770897,0.13965153148464537,0.200470323005706
MEDIUM,0,std -5 or more,3.9355088922643824,457,profit,-1.9922293880362012,-14.818739860199353,9.012285078536946
MEDIUM,0,std -5 or more,3.9355088922643824,457,take_up,0.17014997589770897,0.13965153148464537,0.200470323005706
MEDIUM,0,std -5 or more,3.9355088922643824,457,loan_size,260.0761906288346,201.45273109959012,318.0731781723668
MEDIUM,1,std -5 to -3.5,5.555536035869801,454,revenue,72.64466639502552,53.94892128662007,90.88146460235943
MEDIUM,1,std -5 to -3.5,5.555536035869801,454,past_due,41.39744775692439,23.820804998905714,53.70762305078963
MEDIUM,1,std -5 to -3.5,5.555536035869801,454,balance_months,1730.3386625551534,1209.941996982524,2262.428167402437
MEDIUM,1,std -5 to -3.5,5.555536035869801,454,loans,0.17459051587267016,0.14481787400154256,0.20258398880126421
MEDIUM,1,std -5 to -3.5,5.555536035869801,454,profit,10.621614539400925,-2.1282881853881297,29.044272386946528
MEDIUM,1,std -5 to -3.5,5.555536035869801,454,take_up,0.17459051587267016,0.14481787400154256,0.20258398880126421
MEDIUM,1,std -5 to -3.5,5.555536035869801,454,loan_size,257.768369776292,202.2692381184249,313.5855688413836
MEDIUM,2,std -3.5 to -2,7.220035147461235,709,revenue,110.18267684865693,86.46799249992429,143.572239383441
MEDIUM,2,std -3.5 to -2,7.220035147461235,709,past_due,28.788636040322732,21.528932610462086,39.16842170197822
MEDIUM,2,std -3.5 to -2,7.220035147461235,709,balance_months,2044.7588122022894,1546.9793808898683,2738.3298850862775
MEDIUM,2,std -3.5 to -2,7.220035147461235,709,loans,0.162115333941421,0.1399652609781293,0.181427654127976
MEDIUM,2,std -3.5 to -2,7.220035147461235,709,profit,59.23055727737244,40.498938395552294,82.57110834342784
MEDIUM,2,std -3.5 to -2,7.220035147461235,709,take_up,0.162115333941421,0.1399652609781293,0.181427654127976
MEDIUM,2,std -3.5 to -2,7.220035147461235,709,loan_size,261.42811391507047,212.2108912057314,326.0713665044208
MEDIUM,3,std -2 to -1,8.126012660484946,498,revenue,90.24837470367724,65.30710459531421,119.04598501042489
MEDIUM,3,std -2 to -1,8.126012660484946,498,past_due,36.42291696456648,25.031416265960154,51.69552049307446
MEDIUM,3,std -2 to -1,8.126012660484946,498,balance_months,1334.552359721162,939.7946924470575,1804.7698103948828
MEDIUM,3,std -2 to -1,8.126012660484946,498,loans,0.14161800912682757,0.11864810700160586,0.16096506548503406
MEDIUM,3,std -2 to -1,8.126012660484946,498,profit,37.56950980968638,18.01297376674037,58.88322934302637
MEDIUM,3,std -2 to -1,8.126012660484946,498,take_up,0.14161800912682757,0.11864810700160586,0.16096506548503406
MEDIUM,3,std -2 to -1,8.126012660484946,498,loan_size,200.89504777323864,155.51998996564123,251.34353036925768
MEDIUM,4,std -1 to 0,9.302459484553188,757,revenue,87.48228632483304,68.61127411099217,104.45646370980052
MEDIUM,4,std -1 to 0,9.302459484553188,757,past_due,35.004402394930835,22.017835400483722,47.949577973027736
MEDIUM,4,std -1 to 0,9.302459484553188,757,balance_months,1027.5877284642502,790.7582846236069,1262.2173418797597
MEDIUM,4,std -1 to 0,9.302459484553188,757,loans,0.1452481157441573,0.12134412913880847,0.16807181657249734
MEDIUM,4,std -1 to 0,9.302459484553188,757,profit,38.150812509502614,24.902655539078154,53.34912635960603
MEDIUM,4,std -1 to 0,9.302459484553188,757,take_up,0.1452481157441573,0.12134412913880847,0.16807181657249734
MEDIUM,4,std -1 to 0,9.302459484553188,757,loan_size,188.90668494281735,154.08847517092624,220.28908603692523
HIGH,0,std -5 or more,4.802200649656836,6703,revenue,13.117527932662435,11.522240380084959,14.625936697052273
HIGH,0,std -5 or more,4.802200649656836,6703,past_due,8.69255395552415,7.079725761745236,10.334672038337501
HIGH,0,std -5 or more,4.802200649656836,6703,balance_months,278.0089810372622,244.03571015212586,309.4744951805447
HIGH,0,std -5 or more,4.802200649656836,6703,loans,0.05512940480884411,0.050277131278055186,0.06021344045231638
HIGH,0,std -5 or more,4.802200649656836,6703,profit,-0.24280800793510232,-1.500418583537293,1.3694878047012198
HIGH,0,std -5 or more,4.802200649656836,6703,take_up,0.05512940480884411,0.050277131278055186,0.06021344045231638
HIGH,0,std -5 or more,4.802200649656836,6703,loan_size,67.71071339119331,59.379776365756584,75.57704986861228
HIGH,1,std -5 to -3.5,7.621169565339384,5017,revenue,19.145482006410642,16.569958311831808,21.573451134909867
HIGH,1,std -5 to -3.5,7.621169565339384,5017,past_due,10.088222732981155,7.964428190162454,12.341577256088769
HIGH,1,std -5 to -3.5,7.621169565339384,5017,balance_months,259.3107730602874,220.83191146120527,293.7201090017075
HIGH,1,std -5 to -3.5,7.621169565339384,5017,loans,0.051681991571671054,0.04648040832402086,0.0569226287431026
HIGH,1,std -5 to -3.5,7.621169565339384,5017,profit,4.690398130056457,2.421464458331245,7.011594903561751
HIGH,1,std -5 to -3.5,7.621169565339384,5017,take_up,0.051681991571671054,0.04648040832402086,0.0569226287431026
HIGH,1,std -5 to -3.5,7.621169565339384,5017,loan_size,60.24779487621351,52.619865289473864,68.12540179840265
HIGH,2,std -3.5 to -2,9.225321284575006,4384,revenue,20.889873582518284,18.101126657563746,23.726965205837406
HIGH,2,std -3.5 to -2,9.225321284575006,4384,past_due,9.801560331775432,7.392754122547755,12.465352315121685
HIGH,2,std -3.5 to -2,9.225321284575006,4384,balance_months,226.06163038164274,196.15531545242004,256.7922531278252
HIGH,2,std -3.5 to -2,9.225321284575006,4384,loans,0.04814539988497202,0.042672054701095766,0.05416067528706928
HIGH,2,std -3.5 to -2,9.225321284575006,4384,profit,7.126869547620451,4.512726714404679,9.69518464337933
HIGH,2,std -3.5 to -2,9.225321284575006,4384,take_up,0.04814539988497202,0.042672054701095766,0.05416067528706928
HIGH,2,std -3.5 to -2,9.225321284575006,4384,loan_size,56.27630640581974,48.945628632478034,63.86909049239122
HIGH,3,std -2 to -1,10.266097417376297,3632,revenue,21.896653444606116,17.946948397316493,25.785342104882194
HIGH,3,std -2 to -1,10.266097417376297,3632,past_due,8.09112289989051,5.370804707620134,10.879007199980359
HIGH,3,std -2 to -1,10.266097417376297,3632,balance_months,213.33859765045938,174.7791619462709,250.97240386237283
HIGH,3,std -2 to -1,10.266097417376297,3632,loans,0.04887247422088984,0.04177620219910582,0.056654632091455104
HIGH,3,std -2 to -1,10.266097417376297,3632,profit,9.895203974824197,7.203155978691406,12.507558044426466
HIGH,3,std -2 to -1,10.266097417376297,3632,take_up,0.04887247422088984,0.04177620219910582,0.056654632091455104
HIGH,3,std -2 to -1,10.266097417376297,3632,loan_size,53.109532601675376,43.63924768851716,62.63204999720234
HIGH,4,std -1 to 0,11.292335284583087,4723,revenue,23.96044860749275,20.42780170806235,28.6901569819534
HIGH,4,std -1 to 0,11.292335284583087,4723,past_due,12.924244858739744,10.185316473505106,15.90971037754884
HIGH,4,std -1 to 0,11.292335284583087,4723,balance_months,213.44333317067654,181.3926857721162,255.86535221984832
HIGH,4,std -1 to 0,11.292335284583087,4723,loans,0.044305239249321074,0.039187868692496464,0.04959767615699433
HIGH,4,std -1 to 0,11.292335284583087,4723,profit,7.353518870738551,3.8323741857287605,11.526555856840313
HIGH,4,std -1 to 0,11.292335284583087,4723,take_up,0.044305239249321074,0.039187868692496464,0.04959767615699433
HIGH,4,std -1 to 0,11.292335284583087,4723,loan_size,51.88575579068433,44.581440860983086,61.66456235902553
